timestamp,open,high,low,close,volume,pair
2023-11-30 22:00:00,0.000885220668257489,0.0012460118686044,0.000474025038844701,0.000891524178856485,75579.5663873004,PUMPR / SOL
2023-11-30 23:00:00,0.000891524178856485,0.00173337306923528,0.000744352601001204,0.00113902753787879,82664.8474716732,PUMPR / SOL
2023-12-01 00:00:00,0.00113902753787879,0.0016160563566301,0.000719536080191773,0.00103169430892827,60039.7466808084,PUMPR / SOL
2023-12-01 01:00:00,0.00103169430892827,0.00210069057598126,0.00100532971558843,0.00181416186431847,59608.3384573432,PUMPR / SOL
2023-12-01 02:00:00,0.00181416186431847,0.00249271431435912,0.00153855807008493,0.00215977817687867,51679.3574254501,PUMPR / SOL
2023-12-01 03:00:00,0.00215977817687867,0.00340241039546047,0.00204898359893486,0.00277890303024972,77938.5190242532,PUMPR / SOL
2023-12-01 04:00:00,0.00277890303024972,0.00286790205110837,0.00159172707509796,0.00194165297507991,49483.738059056,PUMPR / SOL
2023-12-01 05:00:00,0.00194165297507991,0.00239044463537677,0.00139307985024214,0.00168666914918832,30677.5074898539,PUMPR / SOL
2023-12-01 06:00:00,0.00168666914918832,0.00188143877965946,0.0013512955594061,0.0014659841683723,15551.092057422,PUMPR / SOL
2023-12-01 07:00:00,0.0014659841683723,0.00177674869130143,0.00115651322513012,0.00155942033503247,22264.8367212182,PUMPR / SOL
2023-12-01 08:00:00,0.00155942033503247,0.00229816244868165,0.00154796294640695,0.00196932780319403,28449.2596467876,PUMPR / SOL
2023-12-01 09:00:00,0.00196932780319403,0.00268857942140474,0.00182202995177991,0.00256442811809,33605.7969730369,PUMPR / SOL
2023-12-01 10:00:00,0.00256442811809,0.00345541719362183,0.00203678340877977,0.00275378527250846,46114.2186364644,PUMPR / SOL
2023-12-01 11:00:00,0.00275378527250846,0.00271047506526547,0.00203308158780913,0.00214896391920145,23323.1402973548,PUMPR / SOL
2023-12-01 12:00:00,0.00214896391920145,0.00272739201422439,0.00214888989998556,0.00248907563748984,18690.3267024603,PUMPR / SOL
2023-12-01 13:00:00,0.00248907563748984,0.00312456927463656,0.00236225542443843,0.00305816223403137,22141.5810855464,PUMPR / SOL
2023-12-01 14:00:00,0.00305816223403137,0.00330735112565288,0.00262429232380379,0.00303930079395261,40536.3075349704,PUMPR / SOL
2023-12-01 15:00:00,0.00303930079395261,0.00323719431248206,0.00233777122725897,0.00288061811005106,49592.523953324,PUMPR / SOL
2023-12-01 16:00:00,0.00288061811005106,0.0029337899156219,0.00214263207280655,0.00240158372531188,30206.4754200411,PUMPR / SOL
2023-12-01 17:00:00,0.00240158372531188,0.00458909796390036,0.00237669909301111,0.00403286195066248,60944.3710667271,PUMPR / SOL
2023-12-01 18:00:00,0.00403286195066248,0.00499748695009062,0.00287695900929411,0.00385716054070795,114104.380979795,PUMPR / SOL
2023-12-01 19:00:00,0.00385716054070795,0.00444642466935959,0.00335238312681302,0.00400776946204093,31750.8970266874,PUMPR / SOL
2023-12-01 20:00:00,0.00400776946204093,0.00640356806070732,0.00379599149910566,0.00607958512703219,154390.658648783,PUMPR / SOL
2023-12-01 21:00:00,0.00607958512703219,0.0078968105431965,0.00543028368264205,0.00641817921679662,234585.879846826,PUMPR / SOL
2023-12-01 22:00:00,0.00641817921679662,0.00725910531387612,0.00517041269060674,0.00700009670452527,78420.7136711507,PUMPR / SOL
2023-12-01 23:00:00,0.00700009670452527,0.00712870621028919,0.00509982338670001,0.00626422987703145,49993.2949992212,PUMPR / SOL
2023-12-02 00:00:00,0.00626422987703145,0.00675064920157657,0.00523155860639483,0.00599388906723952,34256.4922496421,PUMPR / SOL
2023-12-02 01:00:00,0.00599388906723952,0.00725510526840797,0.00451201427930869,0.00573923731885298,77106.9105857185,PUMPR / SOL
2023-12-02 02:00:00,0.00573923731885298,0.0074447422681989,0.00566037247407372,0.00731826987287204,48302.385719741,PUMPR / SOL
2023-12-02 03:00:00,0.00731826987287204,0.00803677843124589,0.0059964980605655,0.00683013114499786,47373.3765758832,PUMPR / SOL
2023-12-02 04:00:00,0.00683013114499786,0.00703814979173256,0.00511635846142999,0.00546779341847679,38996.9713552806,PUMPR / SOL
2023-12-02 05:00:00,0.00546779341847679,0.00607977945914805,0.00347798163749353,0.0056077559247341,32363.1632932661,PUMPR / SOL
2023-12-02 06:00:00,0.0056077559247341,0.00626444973570937,0.00485566265323372,0.00583140329844735,29622.6087733905,PUMPR / SOL
2023-12-02 07:00:00,0.00583140329844735,0.00694020274583124,0.00512902749689986,0.00605047387005249,27030.2056948248,PUMPR / SOL
2023-12-02 08:00:00,0.00605047387005249,0.0060054673502188,0.00541592868963608,0.00581733225239662,9096.72453905962,PUMPR / SOL
2023-12-02 09:00:00,0.00581733225239662,0.00644233950267285,0.00528672498420615,0.00604083302381962,14348.5232507226,PUMPR / SOL
2023-12-02 10:00:00,0.00604083302381962,0.00593709516110829,0.00442527518180386,0.00538966303197964,39013.684848251,PUMPR / SOL
2023-12-02 11:00:00,0.00538966303197964,0.00589621577666271,0.00505340264815942,0.00575545351470733,13667.0100508107,PUMPR / SOL
2023-12-02 12:00:00,0.00575545351470733,0.00746495512833278,0.00576802037371666,0.00692806450859839,59098.1285009436,PUMPR / SOL
2023-12-02 13:00:00,0.00692806450859839,0.00777872545208557,0.00628449509069006,0.00686868646052186,47864.786126618,PUMPR / SOL
2023-12-02 14:00:00,0.00686868646052186,0.00726969932051995,0.00634365305434685,0.00663641937489215,24137.4209045987,PUMPR / SOL
2023-12-02 15:00:00,0.00663641937489215,0.0076274233064215,0.00617535980609714,0.00670328515532397,34493.8315360136,PUMPR / SOL
2023-12-02 16:00:00,0.00670328515532397,0.0066554309591646,0.00469453668950825,0.00585967070444051,31085.9032313859,PUMPR / SOL
2023-12-02 17:00:00,0.00585967070444051,0.00662191980821301,0.00560035812017516,0.00631269135707369,28633.9369623197,PUMPR / SOL
2023-12-02 18:00:00,0.00631269135707369,0.00646917276738272,0.00432541767825081,0.00572956695586056,37764.5317008581,PUMPR / SOL
2023-12-02 19:00:00,0.00572956695586056,0.00669044202134024,0.00494135791298259,0.0062155078859442,44454.9293722627,PUMPR / SOL
2023-12-02 20:00:00,0.0062155078859442,0.00648965771796349,0.00573360520510189,0.00576422923473775,19215.8819588937,PUMPR / SOL
2023-12-02 21:00:00,0.00576422923473775,0.0101868591497993,0.00560205499979735,0.00869011546210229,143894.576051966,PUMPR / SOL
2023-12-02 22:00:00,0.00869011546210229,0.00985011050813075,0.00732670235382319,0.00845969782925171,112305.552575254,PUMPR / SOL
2023-12-02 23:00:00,0.00845969782925171,0.00904529665434081,0.00728832308041964,0.00835647385589158,45754.5024879155,PUMPR / SOL
2023-12-03 00:00:00,0.00835647385589158,0.00856522914713186,0.0070106737943326,0.0076911749391741,36849.8138378767,PUMPR / SOL
2023-12-03 01:00:00,0.0076911749391741,0.00969011180898489,0.00679658407581922,0.00890749819612003,52991.6558345381,PUMPR / SOL
2023-12-03 02:00:00,0.00890749819612003,0.0115026056182868,0.00817065325580514,0.010995485764798,70709.6433328377,PUMPR / SOL
2023-12-03 03:00:00,0.010995485764798,0.0120139529996114,0.00907397660074982,0.0107193711733992,55371.8048490672,PUMPR / SOL
2023-12-03 04:00:00,0.0107193711733992,0.0111309696208781,0.00931381596876383,0.0102210488967533,21636.1818653259,PUMPR / SOL
2023-12-03 05:00:00,0.0102210488967533,0.0103623400758311,0.00882198401454855,0.00912338858461494,20386.5498497585,PUMPR / SOL
2023-12-03 06:00:00,0.00912338858461494,0.0099021280264638,0.00903144312846972,0.00944572633952009,16013.3386266094,PUMPR / SOL
2023-12-03 07:00:00,0.00944572633952009,0.0103522385439928,0.00913459227856295,0.00929390995809734,17067.0957773862,PUMPR / SOL
2023-12-03 08:00:00,0.00929390995809734,0.0106864758448886,0.00844372868381173,0.00998465158493092,27445.7303595044,PUMPR / SOL
2023-12-03 09:00:00,0.00998465158493092,0.0100238811202429,0.00845955529969764,0.00861813193105681,16835.3368379452,PUMPR / SOL
2023-12-03 10:00:00,0.00861813193105681,0.0107450918976287,0.0084159837025601,0.0107450918976287,22279.9800176349,PUMPR / SOL
2023-12-03 11:00:00,0.0107450918976287,0.0122549260931367,0.010561981529916,0.0114667997362657,32295.0757352714,PUMPR / SOL
2023-12-03 12:00:00,0.0114667997362657,0.0134072723650345,0.0109851721278284,0.0115726399808771,35041.4347884061,PUMPR / SOL
2023-12-03 13:00:00,0.0115726399808771,0.0124758120643399,0.0100940852580481,0.0112157284181717,33658.8836906191,PUMPR / SOL
2023-12-03 14:00:00,0.0112157284181717,0.0143846075893574,0.0112536623687646,0.0126554867342123,40616.2537467208,PUMPR / SOL
2023-12-03 15:00:00,0.0126554867342123,0.0127975519792855,0.0113882915997537,0.0118169162889463,26120.0412751805,PUMPR / SOL
2023-12-03 16:00:00,0.0118169162889463,0.0124384238620908,0.00924608616780971,0.010798701970396,52191.2126086008,PUMPR / SOL
2023-12-03 17:00:00,0.010798701970396,0.0119657445559946,0.010848271572821,0.0119657445559946,13564.1352613941,PUMPR / SOL
2023-12-03 18:00:00,0.0119657445559946,0.013060005896627,0.011067404287639,0.011684058435468,32684.68332324,PUMPR / SOL
2023-12-03 19:00:00,0.011684058435468,0.0176619471915687,0.011774957632832,0.0160536420928892,128147.438124974,PUMPR / SOL
2023-12-03 20:00:00,0.0160536420928892,0.02126017717606,0.015882976244032,0.0173768574331195,138996.565652531,PUMPR / SOL
2023-12-03 21:00:00,0.0173768574331195,0.0196149511144553,0.0156441498913019,0.0179320208895952,59254.2342591084,PUMPR / SOL
2023-12-03 22:00:00,0.0179320208895952,0.0199163699061859,0.0163253162433208,0.0181584629795439,46570.2632877871,PUMPR / SOL
2023-12-03 23:00:00,0.0181584629795439,0.0208658526933467,0.018098974839571,0.018774649630184,46747.1780805627,PUMPR / SOL
2023-12-04 00:00:00,0.018774649630184,0.0192280778503485,0.016818579358306,0.0184541625093446,31184.4886899666,PUMPR / SOL
2023-12-04 01:00:00,0.0184541625093446,0.0185680448226071,0.0148681625441195,0.0172128360006464,43328.3865316531,PUMPR / SOL
2023-12-04 02:00:00,0.0172128360006464,0.0171975915451951,0.0130180327913371,0.0146282131405967,79225.7612994288,PUMPR / SOL
2023-12-04 03:00:00,0.0146282131405967,0.0179026790045319,0.0141731856427641,0.0169800928858831,30188.5892301572,PUMPR / SOL
2023-12-04 04:00:00,0.0169800928858831,0.0193752001259865,0.0167641217899448,0.0182482314475349,25105.1919364713,PUMPR / SOL
2023-12-04 05:00:00,0.0182482314475349,0.0184423205121346,0.0148456579935747,0.0149186348278518,29499.7672168865,PUMPR / SOL
2023-12-04 06:00:00,0.0149186348278518,0.016679387136702,0.0121753264924313,0.0155264827608723,35751.0034085996,PUMPR / SOL
2023-12-04 07:00:00,0.0155264827608723,0.016190119486597,0.0138157305287536,0.0144745224824768,27439.4912230548,PUMPR / SOL
2023-12-04 08:00:00,0.0144745224824768,0.0154629588560955,0.0134477185692494,0.0152932700652716,18296.3391162164,PUMPR / SOL
2023-12-04 09:00:00,0.0152932700652716,0.0172510618121035,0.0150019615866557,0.015576423433285,21130.1208608886,PUMPR / SOL
2023-12-04 10:00:00,0.015576423433285,0.0162376990074955,0.0155248331476032,0.0161073196391214,5777.38023147356,PUMPR / SOL
2023-12-04 11:00:00,0.0161073196391214,0.0162559279957004,0.0114148809969998,0.0145148301099211,38201.7730750208,PUMPR / SOL
2023-12-04 12:00:00,0.0145148301099211,0.015847761749924,0.0123430801188374,0.0124906399175516,28084.8416625002,PUMPR / SOL
2023-12-04 13:00:00,0.0124906399175516,0.0136918597348683,0.0117296258591717,0.0121652272363398,32421.9004104967,PUMPR / SOL
2023-12-04 14:00:00,0.0121652272363398,0.0151193403039503,0.0114147279122137,0.0144675598340104,34923.2974002645,PUMPR / SOL
2023-12-04 15:00:00,0.0144675598340104,0.0177679675258983,0.0134043153332105,0.016805724479958,33454.4130952751,PUMPR / SOL
2023-12-04 16:00:00,0.016805724479958,0.0182907646816181,0.0153222159322584,0.0159404218257512,39990.7827579273,PUMPR / SOL
2023-12-04 17:00:00,0.0159404218257512,0.0162139144499791,0.0140664960839786,0.0148873930926333,23304.6902914997,PUMPR / SOL
2023-12-04 18:00:00,0.0148873930926333,0.0155372600709609,0.0125908679932427,0.0142191337092554,30022.1754656785,PUMPR / SOL
2023-12-04 19:00:00,0.0142191337092554,0.0142178540613347,0.0124283179072822,0.0127362235528242,23163.9338682616,PUMPR / SOL
2023-12-04 20:00:00,0.0127362235528242,0.0144475205173896,0.0113678860472745,0.0138751939407823,45439.4467702755,PUMPR / SOL
2023-12-04 21:00:00,0.0138751939407823,0.0152189355624954,0.0121859068733592,0.0124831962627698,43030.0887301215,PUMPR / SOL
2023-12-04 22:00:00,0.0124831962627698,0.0132444163659905,0.0102102586506716,0.0119606689940839,39744.538805921,PUMPR / SOL
2023-12-04 23:00:00,0.0119606689940839,0.0132446601240565,0.0106528469008027,0.0129450955734778,37322.6298617936,PUMPR / SOL
2023-12-05 00:00:00,0.0129450955734778,0.0144462304616231,0.0123882178653176,0.0126897281575065,21138.0862837635,PUMPR / SOL
2023-12-05 01:00:00,0.0126897281575065,0.0138538408517579,0.0117120845872648,0.0127035928764364,31965.5382518648,PUMPR / SOL
2023-12-05 02:00:00,0.0127035928764364,0.0135665939180564,0.0108474586553359,0.0126195061718178,25674.3284129055,PUMPR / SOL
2023-12-05 03:00:00,0.0126195061718178,0.0156408775681963,0.0121107426293367,0.0152156047677119,32324.2599592261,PUMPR / SOL
2023-12-05 04:00:00,0.0152156047677119,0.018640377306782,0.0140467874600302,0.016857233200489,42910.3429612929,PUMPR / SOL
2023-12-05 05:00:00,0.016857233200489,0.0177794577706131,0.0158020370783541,0.0169725926473671,17898.7230800171,PUMPR / SOL
2023-12-05 06:00:00,0.0169725926473671,0.0183092198001341,0.0156250332615619,0.0181143822314542,30318.7307669657,PUMPR / SOL
2023-12-05 07:00:00,0.0181143822314542,0.0201110085171129,0.017581417566709,0.0194937041624573,66011.058331083,PUMPR / SOL
2023-12-05 08:00:00,0.0194937041624573,0.0198996606327165,0.0169743867032347,0.0188371544669974,42715.1449321939,PUMPR / SOL
2023-12-05 09:00:00,0.0188371544669974,0.0230927821445454,0.0187367604211363,0.0215349065503225,60334.3959770989,PUMPR / SOL
2023-12-05 10:00:00,0.0215349065503225,0.0223787487199017,0.0193875985074784,0.0207773969528488,32185.1760131609,PUMPR / SOL
2023-12-05 11:00:00,0.0207773969528488,0.0221477069499453,0.020786395513625,0.0209453063686159,21936.386154316,PUMPR / SOL
2023-12-05 12:00:00,0.0209453063686159,0.0209259565902592,0.0184004539293023,0.0199609999536547,21958.9747475741,PUMPR / SOL
2023-12-05 13:00:00,0.0199609999536547,0.0218782294563417,0.0174078454603507,0.0192818169282443,42355.1759079111,PUMPR / SOL
2023-12-05 14:00:00,0.0192818169282443,0.0195320759603293,0.0173667451328684,0.0195197412018394,33908.8195748788,PUMPR / SOL
2023-12-05 15:00:00,0.0195197412018394,0.0195371740456691,0.016953027738558,0.018025352259431,20182.0075559111,PUMPR / SOL
2023-12-05 16:00:00,0.018025352259431,0.0184314726841516,0.016930061075191,0.0183155392041214,14937.4939555942,PUMPR / SOL
2023-12-05 17:00:00,0.0183155392041214,0.0228046591159694,0.0183011144615379,0.0220003689873549,36459.8495961478,PUMPR / SOL
2023-12-05 18:00:00,0.0220003689873549,0.023702430075171,0.0171492648246833,0.0185558135240867,83077.2601989038,PUMPR / SOL
2023-12-05 19:00:00,0.0185558135240867,0.019186916671284,0.0171532993667006,0.0177742889287642,19899.8906304614,PUMPR / SOL
2023-12-05 20:00:00,0.0177742889287642,0.0190195105275153,0.0164388790311063,0.0172382275516857,23072.7488545973,PUMPR / SOL
2023-12-05 21:00:00,0.0172382275516857,0.017942732519426,0.0154153225410264,0.0171940998211158,32006.9711499993,PUMPR / SOL
2023-12-05 22:00:00,0.0171940998211158,0.0177100159727598,0.0154153860257269,0.0157235483164022,27249.5951097602,PUMPR / SOL
2023-12-05 23:00:00,0.0157235483164022,0.0168580150308783,0.0143687255864217,0.0167311750930911,31342.4392964507,PUMPR / SOL
2023-12-06 00:00:00,0.0167311750930911,0.0179125030246492,0.0152033304982643,0.0174143407304165,23613.5818112584,PUMPR / SOL
2023-12-06 01:00:00,0.0174143407304165,0.01980299682926,0.0174209877519225,0.0186504074249621,38477.5469185125,PUMPR / SOL
2023-12-06 02:00:00,0.0186504074249621,0.0188061579130889,0.0175681121794483,0.0175827123022358,13070.9447915598,PUMPR / SOL
2023-12-06 03:00:00,0.0175827123022358,0.0178231266863048,0.0119885034415602,0.014595950283494,57326.4135930972,PUMPR / SOL
2023-12-06 04:00:00,0.014595950283494,0.016702243836516,0.0131728012212461,0.0154813440093998,40805.5581567655,PUMPR / SOL
2023-12-06 05:00:00,0.0154813440093998,0.0174607568700149,0.0134100038702829,0.0169449634245387,30614.3382964336,PUMPR / SOL
2023-12-06 06:00:00,0.0169449634245387,0.018228352522098,0.016139641099501,0.0162505460998743,14059.0302511285,PUMPR / SOL
2023-12-06 07:00:00,0.0162505460998743,0.0205062889734248,0.0150860227976964,0.0198712210839635,38341.6402828504,PUMPR / SOL
2023-12-06 08:00:00,0.0198712210839635,0.0198051607055186,0.0177299498326493,0.0182628159150962,11094.7796241851,PUMPR / SOL
2023-12-06 09:00:00,0.0182628159150962,0.0199328909579466,0.0181965159807758,0.0182052351565516,12093.0004407864,PUMPR / SOL
2023-12-06 10:00:00,0.0182052351565516,0.0189714833791199,0.0171217380276905,0.017959344245212,9183.53250795537,PUMPR / SOL
2023-12-06 11:00:00,0.017959344245212,0.0182207853337363,0.0162152793658427,0.0168346861065338,8534.6748003661,PUMPR / SOL
2023-12-06 12:00:00,0.0168346861065338,0.0209351528399126,0.0167966061219092,0.0186449145214097,24133.2027786518,PUMPR / SOL
2023-12-06 13:00:00,0.0186449145214097,0.0190136028469219,0.0157815779115547,0.0182175552927937,21959.0339101331,PUMPR / SOL
2023-12-06 14:00:00,0.0182175552927937,0.0186862541457417,0.0166707127285031,0.0168717785828458,8696.90542641185,PUMPR / SOL
2023-12-06 15:00:00,0.0168717785828458,0.0174085323106627,0.0162838816343618,0.0171840028023889,15641.5207291225,PUMPR / SOL
2023-12-06 16:00:00,0.0171840028023889,0.0186106681675823,0.0161861082739237,0.0180987016994891,24795.6657682413,PUMPR / SOL
2023-12-06 17:00:00,0.0180987016994891,0.0235498732114706,0.0179669173752658,0.0219141016210254,72223.7027666684,PUMPR / SOL
2023-12-06 18:00:00,0.0219141016210254,0.0293023098190079,0.0218941758678282,0.025516836561484,135833.592320922,PUMPR / SOL
2023-12-06 19:00:00,0.025516836561484,0.0303951910128757,0.0232752947466419,0.0286423095116194,54512.0595189231,PUMPR / SOL
2023-12-06 20:00:00,0.0286423095116194,0.0314612389613873,0.0255732678820156,0.0284857443402959,109205.16339897,PUMPR / SOL
2023-12-06 21:00:00,0.0284857443402959,0.0348644918396159,0.0267789956196899,0.0324266911498788,124565.76461362,PUMPR / SOL
2023-12-06 22:00:00,0.0324266911498788,0.0425251709613718,0.0298404006432222,0.0365363921195233,161443.472417919,PUMPR / SOL
2023-12-06 23:00:00,0.0365363921195233,0.038374612012263,0.0277837050065392,0.036445942860204,128679.295412989,PUMPR / SOL
2023-12-07 00:00:00,0.036445942860204,0.0391728744562577,0.0310442671084605,0.0361920800249943,84214.829756278,PUMPR / SOL
2023-12-07 01:00:00,0.0361920800249943,0.0459257414070186,0.035902131769102,0.0412469368973029,85958.4551476022,PUMPR / SOL
2023-12-07 02:00:00,0.0412469368973029,0.0458361850867925,0.0399692909339585,0.0443898977400266,135954.618209201,PUMPR / SOL
2023-12-07 03:00:00,0.0443898977400266,0.05021419581119,0.0399861909694667,0.0436647658552696,153256.424013678,PUMPR / SOL
2023-12-07 04:00:00,0.0436647658552696,0.0452424181916846,0.0382522332611196,0.0413394418408351,93265.6466944028,PUMPR / SOL
2023-12-07 05:00:00,0.0413394418408351,0.0421012690170422,0.0338616713760238,0.0358693165967084,73167.5736608718,PUMPR / SOL
2023-12-07 06:00:00,0.0358693165967084,0.0372534963178976,0.0338617690545988,0.035133903305523,37762.3956215185,PUMPR / SOL
2023-12-07 07:00:00,0.035133903305523,0.0483084005011167,0.0348908963428449,0.0462624177095059,80284.2552613095,PUMPR / SOL
2023-12-07 08:00:00,0.0462624177095059,0.0465411285683544,0.0399374441146592,0.0434562547983882,38855.5438053279,PUMPR / SOL
2023-12-07 09:00:00,0.0434562547983882,0.0451565979785412,0.0395583463122339,0.0406768110953389,26080.2940701551,PUMPR / SOL
2023-12-07 10:00:00,0.0406768110953389,0.0413989643860828,0.0393307513576877,0.0413989643860828,19933.4577230749,PUMPR / SOL
2023-12-07 11:00:00,0.0413989643860828,0.0490589098323388,0.0412633300586438,0.0478494617165631,51145.4512633168,PUMPR / SOL
2023-12-07 12:00:00,0.0478494617165631,0.0479977431358643,0.0424381322767545,0.0460347065102772,46731.3093185549,PUMPR / SOL
2023-12-07 13:00:00,0.0460347065102772,0.0694430312016571,0.0453301031705708,0.0636446033119854,222108.191922763,PUMPR / SOL
2023-12-07 14:00:00,0.0636446033119854,0.0759397777511955,0.0577393192862163,0.0660073340929196,313285.851618412,PUMPR / SOL
2023-12-07 15:00:00,0.0660073340929196,0.0657735290203042,0.0545623300304459,0.060132992832677,120239.422849037,PUMPR / SOL
2023-12-07 16:00:00,0.060132992832677,0.0621961996700498,0.052112015499877,0.0618489983486595,105434.363014919,PUMPR / SOL
2023-12-07 17:00:00,0.0618489983486595,0.06404181908203,0.0554771521211553,0.056186686846265,62547.4012144329,PUMPR / SOL
2023-12-07 18:00:00,0.056186686846265,0.0676425095022253,0.0530419437101682,0.0652080480267382,72253.8918068816,PUMPR / SOL
2023-12-07 19:00:00,0.0652080480267382,0.0665140562305281,0.0567279130774541,0.0601645821322118,111222.608300409,PUMPR / SOL
2023-12-07 20:00:00,0.0601645821322118,0.0604033105258788,0.0444741068386547,0.0546924038339798,127334.976115374,PUMPR / SOL
2023-12-07 21:00:00,0.0546924038339798,0.0597972984009991,0.0475504448776243,0.0534955589955781,129122.74770547,PUMPR / SOL
2023-12-07 22:00:00,0.0534955589955781,0.0591647215503604,0.0427353560055695,0.0467845024262913,141460.534025273,PUMPR / SOL
2023-12-07 23:00:00,0.0467845024262913,0.0539659178326264,0.0417436453951652,0.0487552943401267,107863.944776284,PUMPR / SOL
2023-12-08 00:00:00,0.0487552943401267,0.0521234494835524,0.0416505828048572,0.0472901214404913,84965.8180574435,PUMPR / SOL
2023-12-08 01:00:00,0.0472901214404913,0.0616061630343566,0.0164788572545431,0.0329428288877072,686137.782455069,PUMPR / SOL
2023-12-08 02:00:00,0.0329428288877072,0.0354865423493009,0.0148503141971259,0.0270272216241918,387405.147826282,PUMPR / SOL
2023-12-08 03:00:00,0.0270272216241918,0.0425342182659945,0.0229228148126404,0.025168968891798,255226.441595347,PUMPR / SOL
2023-12-08 04:00:00,0.025168968891798,0.0252978892697627,0.0152914676229028,0.0165432865842582,264991.596655328,PUMPR / SOL
2023-12-08 05:00:00,0.0165432865842582,0.0226039093249694,0.0110607199133051,0.0193828575003548,284014.259005856,PUMPR / SOL
2023-12-08 06:00:00,0.0193828575003548,0.0227338104124262,0.0163103554126989,0.0211044893902575,162475.184223196,PUMPR / SOL
2023-12-08 07:00:00,0.0211044893902575,0.0305417598685202,0.0210216690101604,0.0248594241550567,195633.365206128,PUMPR / SOL
2023-12-08 08:00:00,0.0248594241550567,0.0265950152462811,0.0207673384955723,0.0246161142731971,113662.634232548,PUMPR / SOL
2023-12-08 09:00:00,0.0246161142731971,0.0258977843548418,0.0225528461889058,0.0244123671076175,58573.964434156,PUMPR / SOL
2023-12-08 10:00:00,0.0244123671076175,0.0246981650973461,0.0216466130706166,0.0223737247909391,40583.1695956058,PUMPR / SOL
2023-12-08 11:00:00,0.0223737247909391,0.0334505630526408,0.0222153295457248,0.0329138672575181,139323.50541724,PUMPR / SOL
2023-12-08 12:00:00,0.0329138672575181,0.0337460226030707,0.0273861732324079,0.0309651525194794,102263.098141514,PUMPR / SOL
2023-12-08 13:00:00,0.0309651525194794,0.0331721572837404,0.0280096791968971,0.0280096791968971,53203.6998230427,PUMPR / SOL
2023-12-08 14:00:00,0.0280096791968971,0.0300615747459192,0.0244941272509618,0.0297302298672048,98984.6766628854,PUMPR / SOL
2023-12-08 15:00:00,0.0297302298672048,0.0310017594365265,0.0269515628836706,0.0282626938484148,56861.0256126065,PUMPR / SOL
2023-12-08 16:00:00,0.0282626938484148,0.0334547831725991,0.0271113328823781,0.0321113831958062,95643.6102841274,PUMPR / SOL
2023-12-08 17:00:00,0.0321113831958062,0.0331980255604466,0.0243074632103387,0.0254016349826404,151508.984908194,PUMPR / SOL
2023-12-08 18:00:00,0.0254016349826404,0.0263176714150302,0.0202838370647831,0.0224312570511897,99589.0265327959,PUMPR / SOL
2023-12-08 19:00:00,0.0224312570511897,0.0254667204557773,0.0198788134353599,0.0243379380655531,70762.173918712,PUMPR / SOL
2023-12-08 20:00:00,0.0243379380655531,0.0280200674354237,0.02415900951292,0.0267150396215983,57032.1231535607,PUMPR / SOL
2023-12-08 21:00:00,0.0267150396215983,0.0276272704349049,0.0226756429696475,0.0251802062359239,54974.6189831499,PUMPR / SOL
2023-12-08 22:00:00,0.0251802062359239,0.0251857391593523,0.017582100755798,0.0184371680179206,83528.1157260054,PUMPR / SOL
2023-12-08 23:00:00,0.0184371680179206,0.022672850134536,0.0180364462426786,0.0196420635770282,64830.8657403355,PUMPR / SOL
2023-12-09 00:00:00,0.0196420635770282,0.0230138002821862,0.0195976691531254,0.0213386511651551,35985.3097490857,PUMPR / SOL
2023-12-09 01:00:00,0.0213386511651551,0.0218377510491162,0.0179531786133837,0.0182163186301491,33402.2412624268,PUMPR / SOL
2023-12-09 02:00:00,0.0182163186301491,0.0210827539959496,0.0178092284480655,0.0210827539959496,31506.4340826901,PUMPR / SOL
2023-12-09 03:00:00,0.0210827539959496,0.0227092463004705,0.0173459957778847,0.0176978483229207,63055.2857992741,PUMPR / SOL
2023-12-09 04:00:00,0.0176978483229207,0.0187192263439764,0.0143681531521437,0.0182744929663896,85236.7255810407,PUMPR / SOL
2023-12-09 05:00:00,0.0182744929663896,0.0216165280930277,0.0181686857765249,0.0215061103339878,43954.2063625278,PUMPR / SOL
2023-12-09 06:00:00,0.0215061103339878,0.0225244216466292,0.0187439109159824,0.0192358711950263,36219.0029478535,PUMPR / SOL
2023-12-09 07:00:00,0.0192358711950263,0.0207260647674353,0.0184266667223169,0.0204768969154193,16943.1206818231,PUMPR / SOL
2023-12-09 08:00:00,0.0204768969154193,0.0235173810575435,0.0203654083529112,0.0231205711989069,25591.6430639685,PUMPR / SOL
2023-12-09 09:00:00,0.0231205711989069,0.0233478548404926,0.0180545728879935,0.01919841134766,41715.5569161429,PUMPR / SOL
2023-12-09 10:00:00,0.01919841134766,0.0195964146270392,0.018434879311607,0.0189315061747596,18511.8044730031,PUMPR / SOL
2023-12-09 11:00:00,0.0189315061747596,0.019057687401651,0.0166784627741253,0.018523312243322,53169.4575879927,PUMPR / SOL
2023-12-09 12:00:00,0.018523312243322,0.0189238367493882,0.0173210031501349,0.0178855537341918,26066.4616396436,PUMPR / SOL
2023-12-09 13:00:00,0.0178855537341918,0.0186885150114817,0.0173539074890532,0.0177476732958995,14655.6801134603,PUMPR / SOL
2023-12-09 14:00:00,0.0177476732958995,0.019031482577269,0.0158028654029942,0.0163632792845091,48029.5270002902,PUMPR / SOL
2023-12-09 15:00:00,0.0163632792845091,0.0168035729441719,0.0154611612263587,0.0163045138403843,34645.8436848077,PUMPR / SOL
2023-12-09 16:00:00,0.0163045138403843,0.0163171684424956,0.0133971874908905,0.0140801520354665,60035.9044172015,PUMPR / SOL
2023-12-09 17:00:00,0.0140801520354665,0.0166605517787845,0.0127713620774557,0.0144846910861337,60736.9058094287,PUMPR / SOL
2023-12-09 18:00:00,0.0144846910861337,0.0187862843339933,0.0146493237236457,0.0183159889303084,50167.2955912299,PUMPR / SOL
2023-12-09 19:00:00,0.0183159889303084,0.0186367726748156,0.015977198931031,0.016091398678209,32950.2978502931,PUMPR / SOL
2023-12-09 20:00:00,0.016091398678209,0.0164709914897601,0.0156690231581465,0.0163607138125198,11867.8553861556,PUMPR / SOL
2023-12-09 21:00:00,0.0163607138125198,0.018632021954784,0.0158446408170235,0.017612046315283,17055.1635812629,PUMPR / SOL
2023-12-09 22:00:00,0.017612046315283,0.01962362970029,0.017407664972124,0.0186279985326312,30324.5250714829,PUMPR / SOL
2023-12-09 23:00:00,0.0186279985326312,0.0180987116399769,0.0163127892407251,0.0163136960284797,15884.1774147468,PUMPR / SOL
2023-12-10 00:00:00,0.0163136960284797,0.0183061772531669,0.0163929128153141,0.0177208016086649,10144.949060889,PUMPR / SOL
2023-12-10 01:00:00,0.0177208016086649,0.0177242764104363,0.0168076135424166,0.0170760512553433,8868.54306094333,PUMPR / SOL
2023-12-10 02:00:00,0.0170760512553433,0.0172884761688936,0.0161933530488598,0.0163888396326227,7525.02476023374,PUMPR / SOL
2023-12-10 03:00:00,0.0163888396326227,0.0165309196882937,0.0158595934190947,0.015969601972019,5944.68796413268,PUMPR / SOL
2023-12-10 04:00:00,0.015969601972019,0.015970649597493,0.0148173870194729,0.0150581203452063,11318.4300524742,PUMPR / SOL
2023-12-10 05:00:00,0.0150581203452063,0.0154169761082968,0.0132335222164038,0.0150616392325638,27114.1599710249,PUMPR / SOL
2023-12-10 06:00:00,0.0150616392325638,0.0164102377991109,0.0150439884658764,0.0154865761219177,12087.3348443469,PUMPR / SOL
2023-12-10 07:00:00,0.0154865761219177,0.0164754911872609,0.0155121236958047,0.0163591638552756,3858.88821700536,PUMPR / SOL
2023-12-10 08:00:00,0.0163591638552756,0.0170571721471401,0.0161049543133006,0.0163125123098227,10000.2486368081,PUMPR / SOL
2023-12-10 09:00:00,0.0163125123098227,0.0163993660517367,0.0152827770380334,0.0152827770380334,7879.98344594125,PUMPR / SOL
2023-12-10 10:00:00,0.0152827770380334,0.0158105886688327,0.0152563490714956,0.0155028424470119,7034.15513878003,PUMPR / SOL
2023-12-10 11:00:00,0.0155028424470119,0.0161136634617311,0.0155522089484933,0.0160288456742647,8559.40304204536,PUMPR / SOL
2023-12-10 12:00:00,0.0160288456742647,0.0197635029808801,0.015986644581103,0.0190663568293353,25328.2136409262,PUMPR / SOL
2023-12-10 13:00:00,0.0190663568293353,0.0208211152164027,0.0189610078489112,0.0207684895655006,21777.5654795244,PUMPR / SOL
2023-12-10 14:00:00,0.0207684895655006,0.0244036237735501,0.0205800035251909,0.0242145580582828,49316.8066187108,PUMPR / SOL
2023-12-10 15:00:00,0.0242145580582828,0.0296121389274934,0.0208701858493181,0.0295998192582357,76972.1079525028,PUMPR / SOL
2023-12-10 16:00:00,0.0295998192582357,0.030856539202713,0.025214406816002,0.0263780602043811,90680.8839433641,PUMPR / SOL
2023-12-10 17:00:00,0.0263780602043811,0.0282806309510351,0.0237575971349739,0.0275013412367802,67952.5191262505,PUMPR / SOL
2023-12-10 18:00:00,0.0275013412367802,0.0302307696766595,0.0257824141757032,0.0298834607535326,53290.0062101976,PUMPR / SOL
2023-12-10 19:00:00,0.0298834607535326,0.0307359518957902,0.027269948203836,0.0278354715379886,42858.620642455,PUMPR / SOL
2023-12-10 20:00:00,0.0278354715379886,0.0284760289427276,0.0245374657164989,0.0246149621721517,30808.7965210116,PUMPR / SOL
2023-12-10 21:00:00,0.0246149621721517,0.0272295841646127,0.0233921362250171,0.0258931909118335,27399.0499005544,PUMPR / SOL
2023-12-10 22:00:00,0.0258931909118335,0.0266800910580133,0.0241918190085831,0.0249086541539491,18623.218227097,PUMPR / SOL
2023-12-10 23:00:00,0.0249086541539491,0.026584249945596,0.0239881102968819,0.0243696261446479,29787.5888205027,PUMPR / SOL
2023-12-11 00:00:00,0.0243696261446479,0.0251986912238708,0.0209150094710397,0.02294084697342,33026.8258934206,PUMPR / SOL
2023-12-11 01:00:00,0.02294084697342,0.0232451068414461,0.019313848717317,0.0220643322423131,39187.3819956514,PUMPR / SOL
2023-12-11 02:00:00,0.0220643322423131,0.0226629982904388,0.0194553426187169,0.020636738189139,24546.1708173936,PUMPR / SOL
2023-12-11 03:00:00,0.020636738189139,0.0226910006421884,0.0183635448418962,0.0218393173122117,32574.182812993,PUMPR / SOL
2023-12-11 04:00:00,0.0218393173122117,0.0237301843828899,0.0194193972445818,0.0234404077886164,35621.3474732162,PUMPR / SOL
2023-12-11 05:00:00,0.0234404077886164,0.0267563440893731,0.0209838609503921,0.0226964932886848,33034.0171281309,PUMPR / SOL
2023-12-11 06:00:00,0.0226964932886848,0.0279058306134121,0.0215597091786991,0.0270323844028328,34285.2335886154,PUMPR / SOL
2023-12-11 07:00:00,0.0270323844028328,0.0278503465443591,0.0220566927006009,0.0229063655723172,32842.2858570155,PUMPR / SOL
2023-12-11 08:00:00,0.0229063655723172,0.0236334463459097,0.0212550765757801,0.0228029895256314,20953.5536760033,PUMPR / SOL
2023-12-11 09:00:00,0.0228029895256314,0.0244976550703674,0.022753774726151,0.0242508037910227,10105.1026288083,PUMPR / SOL
2023-12-11 10:00:00,0.0242508037910227,0.0275054851171771,0.0242073883479469,0.0260756908541611,23496.7424600084,PUMPR / SOL
2023-12-11 11:00:00,0.0260756908541611,0.0303392699289093,0.024980355254633,0.0294788817318173,27390.8381850652,PUMPR / SOL
2023-12-11 12:00:00,0.0294788817318173,0.0308019303431156,0.0259189136682161,0.0265711501382797,33320.1832154474,PUMPR / SOL
2023-12-11 13:00:00,0.0265711501382797,0.0280635084427779,0.0248128685789342,0.0255162676053367,16830.5833107771,PUMPR / SOL
2023-12-11 14:00:00,0.0255162676053367,0.0258147257266964,0.0230529174665938,0.0236814368331297,15943.2206158192,PUMPR / SOL
2023-12-11 15:00:00,0.0236814368331297,0.0244010130787074,0.0215973542027293,0.0220114910157168,31428.9771066949,PUMPR / SOL
2023-12-11 16:00:00,0.0220114910157168,0.0291802597540383,0.0212040773461396,0.0264921440213963,57761.6455479915,PUMPR / SOL
2023-12-11 17:00:00,0.0264921440213963,0.0302796319070444,0.0259592519767171,0.0284775445487199,66699.1275911139,PUMPR / SOL
2023-12-11 18:00:00,0.0284775445487199,0.0331991736045885,0.027514035086795,0.0283025160763105,94991.5205975153,PUMPR / SOL
2023-12-11 19:00:00,0.0283025160763105,0.0310377919839647,0.0246220007133545,0.0257801277319915,58820.8747108621,PUMPR / SOL
2023-12-11 20:00:00,0.0257801277319915,0.0284459763044265,0.0236142890989167,0.0279034744933353,25960.5308250785,PUMPR / SOL
2023-12-11 21:00:00,0.0279034744933353,0.0279277385161656,0.0243051751153808,0.0256491358922386,31136.8796012621,PUMPR / SOL
2023-12-11 22:00:00,0.0256491358922386,0.0319723434659939,0.0244832672801381,0.0289735643322132,67021.4297128558,PUMPR / SOL
2023-12-11 23:00:00,0.0289735643322132,0.0336487606465461,0.0274672560345482,0.0308623272687501,37856.190886764,PUMPR / SOL
2023-12-12 00:00:00,0.0308623272687501,0.0332100338054716,0.0293354500936755,0.0293882800890455,29989.9643417473,PUMPR / SOL
2023-12-12 01:00:00,0.0293882800890455,0.0310293153648907,0.028223707965254,0.0305720376806775,33597.2200032992,PUMPR / SOL
2023-12-12 02:00:00,0.0305720376806775,0.0349676753967927,0.0296080714267814,0.030428012249783,62856.4983333624,PUMPR / SOL
2023-12-12 03:00:00,0.030428012249783,0.0496476900598999,0.0302307549270265,0.0373292059539631,100566.701337023,PUMPR / SOL
2023-12-12 04:00:00,0.0373292059539631,0.056128777137821,0.0351975363460586,0.0399993336166998,155546.217488368,PUMPR / SOL
2023-12-12 05:00:00,0.0399993336166998,0.040445975220109,0.0359710290266402,0.0368732294442412,49672.7301273246,PUMPR / SOL
2023-12-12 06:00:00,0.0368732294442412,0.0409429563464846,0.0331990029045325,0.0365512502056835,53451.9419583775,PUMPR / SOL
2023-12-12 07:00:00,0.0365512502056835,0.0425075145712313,0.0366909236810131,0.0392146766512056,46307.5646881038,PUMPR / SOL
2023-12-12 08:00:00,0.0392146766512056,0.0411923560738851,0.0358236057054109,0.0399632599428787,38502.5521698058,PUMPR / SOL
2023-12-12 09:00:00,0.0399632599428787,0.0399983905838666,0.0339351085249359,0.0381844759060332,45432.6122453011,PUMPR / SOL
2023-12-12 10:00:00,0.0381844759060332,0.0397440037722395,0.036959942004339,0.0370007215823105,17108.0975516636,PUMPR / SOL
2023-12-12 11:00:00,0.0370007215823105,0.0400810699834406,0.0355581228462489,0.0357043643230326,26311.5928680119,PUMPR / SOL
2023-12-12 12:00:00,0.0357043643230326,0.0377937261595886,0.0339911211979331,0.035806064964088,19264.7600229396,PUMPR / SOL
2023-12-12 13:00:00,0.035806064964088,0.0372622314902012,0.035696576832957,0.0370820911436062,12371.0924643246,PUMPR / SOL
2023-12-12 14:00:00,0.0370820911436062,0.0418195720045168,0.0365955199622694,0.0398314220560891,34312.8557806963,PUMPR / SOL
2023-12-12 15:00:00,0.0398314220560891,0.0399662589304811,0.0350750156772355,0.0352131193464512,33917.4740142575,PUMPR / SOL
2023-12-12 16:00:00,0.0352131193464512,0.0352924151410641,0.0313503196900113,0.035103552779836,39224.2272195387,PUMPR / SOL
2023-12-12 17:00:00,0.035103552779836,0.0351149054737284,0.0324564454806825,0.0327062415081003,20555.8204139051,PUMPR / SOL
2023-12-12 18:00:00,0.0327062415081003,0.0358258705815143,0.0320783119900134,0.0344891089607641,27240.2845506575,PUMPR / SOL
2023-12-12 19:00:00,0.0344891089607641,0.0346691674513675,0.0317065578608698,0.0341213542760583,23980.1555291268,PUMPR / SOL
2023-12-12 20:00:00,0.0341213542760583,0.0364174173756636,0.0326032208854816,0.034887817358503,23102.8144470932,PUMPR / SOL
2023-12-12 21:00:00,0.034887817358503,0.0350861546494383,0.0327923093290051,0.0329835462592074,9107.48090836853,PUMPR / SOL
2023-12-12 22:00:00,0.0329835462592074,0.0345773626214696,0.0327646607157008,0.033704550099191,10512.7359275898,PUMPR / SOL
2023-12-12 23:00:00,0.033704550099191,0.0357841188892239,0.0321624066567722,0.0337952719846219,22013.5173441241,PUMPR / SOL
2023-12-13 00:00:00,0.0337952719846219,0.0345557369553863,0.0324764621647296,0.0330637338901611,13422.2109675237,PUMPR / SOL
2023-12-13 01:00:00,0.0330637338901611,0.0344229124573794,0.0307101894426564,0.0311335771182815,18457.8257216249,PUMPR / SOL
2023-12-13 02:00:00,0.0311335771182815,0.0314121086916437,0.028365903841111,0.0294846655822158,15091.9774989777,PUMPR / SOL
2023-12-13 03:00:00,0.0294846655822158,0.0294315274214907,0.0250057198711394,0.0274271049827727,29636.4641880362,PUMPR / SOL
2023-12-13 04:00:00,0.0274271049827727,0.0274552598458205,0.0257522414914942,0.0266063752249157,14425.4575391373,PUMPR / SOL
2023-12-13 05:00:00,0.0266063752249157,0.0282775571843713,0.0264602941205257,0.0276017163533008,7665.62702830648,PUMPR / SOL
2023-12-13 06:00:00,0.0276017163533008,0.028638842475935,0.0271591112101824,0.0275601583566886,6917.74378283508,PUMPR / SOL
2023-12-13 07:00:00,0.0275601583566886,0.0275657206778015,0.0243129630220626,0.0244200348163374,8325.54382101178,PUMPR / SOL
2023-12-13 08:00:00,0.0244200348163374,0.0282664842273239,0.0240680348470829,0.025800617623681,26317.9336759777,PUMPR / SOL
2023-12-13 09:00:00,0.025800617623681,0.0259899064131458,0.0218387264039693,0.024330646805058,17973.7851919157,PUMPR / SOL
2023-12-13 10:00:00,0.024330646805058,0.024337173001159,0.0222074881399708,0.0222733813045961,9381.94760078922,PUMPR / SOL
2023-12-13 11:00:00,0.0222733813045961,0.0236553306893119,0.022265143260156,0.0226582463050382,12514.3067679244,PUMPR / SOL
2023-12-13 12:00:00,0.0226582463050382,0.025488110999391,0.0225947994983819,0.0248993719460065,10995.3545678241,PUMPR / SOL
2023-12-13 13:00:00,0.0248993719460065,0.0266077942193382,0.0246636417517713,0.0259344327255672,14263.7202419582,PUMPR / SOL
2023-12-13 14:00:00,0.0259344327255672,0.0260420330823732,0.0239694194079002,0.0245654051401622,12801.2492482613,PUMPR / SOL
2023-12-13 15:00:00,0.0245654051401622,0.0248873718854982,0.0229508639241502,0.022966594590918,17387.32481196,PUMPR / SOL
2023-12-13 16:00:00,0.022966594590918,0.0238663100129287,0.020925905882906,0.0229686179471147,32692.7063272253,PUMPR / SOL
2023-12-13 17:00:00,0.0229686179471147,0.0234045286946159,0.0213574414142636,0.0213574414142636,19272.4553130199,PUMPR / SOL
2023-12-13 18:00:00,0.0213574414142636,0.0248596349512156,0.0211466464017353,0.0244363786288152,32428.6662435891,PUMPR / SOL
2023-12-13 19:00:00,0.0244363786288152,0.0305556673283694,0.0243820853097814,0.0294353344757969,35249.3029667828,PUMPR / SOL
2023-12-13 20:00:00,0.0294353344757969,0.0319254332575178,0.0282180045384951,0.0314622049085564,29144.9046739924,PUMPR / SOL
2023-12-13 21:00:00,0.0314622049085564,0.0318515496842614,0.0273499441730553,0.0275663753669325,20510.8309446191,PUMPR / SOL
2023-12-13 22:00:00,0.0275663753669325,0.027958129299179,0.0246025052603367,0.0246136032683821,27796.3075817655,PUMPR / SOL
2023-12-13 23:00:00,0.0246136032683821,0.0263543168957906,0.0244773846305415,0.0255978245017809,19089.4263082932,PUMPR / SOL
2023-12-14 00:00:00,0.0255978245017809,0.0258714944100216,0.0238149870015538,0.0252727133821749,18386.5570005459,PUMPR / SOL
2023-12-14 01:00:00,0.0252727133821749,0.0260722442158945,0.0251628389697675,0.0260108164244142,8647.0367184639,PUMPR / SOL
2023-12-14 02:00:00,0.0260108164244142,0.0300141960176942,0.0255554661020236,0.0260774462563365,14607.5277093922,PUMPR / SOL
2023-12-14 03:00:00,0.0260774462563365,0.0271459987007357,0.0258273812637611,0.0263349236112456,8624.88120010368,PUMPR / SOL
2023-12-14 04:00:00,0.0263349236112456,0.0263705303112317,0.025499641687963,0.0259209021819283,4449.69495694149,PUMPR / SOL
2023-12-14 05:00:00,0.0259209021819283,0.0264681127392706,0.025379704470261,0.0255979508393004,9244.40093853095,PUMPR / SOL
2023-12-14 06:00:00,0.0255979508393004,0.0261576694589802,0.0254589055166664,0.0260769922304495,9605.64644393025,PUMPR / SOL
2023-12-14 07:00:00,0.0260769922304495,0.0279972766081048,0.0255585879086857,0.0276226966857677,17535.6781470266,PUMPR / SOL
2023-12-14 08:00:00,0.0276226966857677,0.0294647590732759,0.0268515994609059,0.028149760357501,20241.0579164655,PUMPR / SOL
2023-12-14 09:00:00,0.028149760357501,0.0293808290806496,0.0275038428532624,0.028865619393694,12316.4047685571,PUMPR / SOL
2023-12-14 10:00:00,0.028865619393694,0.0296215661898008,0.0286425615120058,0.0296215661898008,7363.225414988,PUMPR / SOL
2023-12-14 11:00:00,0.0296215661898008,0.0301377741907697,0.0286444136451343,0.0292801842185995,11005.3273324268,PUMPR / SOL
2023-12-14 12:00:00,0.0292801842185995,0.0301864232948907,0.0280326528999845,0.0286411230744945,12155.6367138143,PUMPR / SOL
2023-12-14 13:00:00,0.0286411230744945,0.0286489327090391,0.0257078454958105,0.0270605853727088,9937.75597508785,PUMPR / SOL
2023-12-14 14:00:00,0.0270605853727088,0.0279070236334658,0.025968819560792,0.0264671290263105,11113.4250537513,PUMPR / SOL
2023-12-14 15:00:00,0.0264671290263105,0.0266725551628398,0.0254019812191342,0.0260772602993289,11619.8835073056,PUMPR / SOL
2023-12-14 16:00:00,0.0260772602993289,0.0298256054597031,0.0259118690019563,0.0278769054240595,21621.4583707344,PUMPR / SOL
2023-12-14 17:00:00,0.0278769054240595,0.0301506297572171,0.0279986818496637,0.0292469466205631,20727.9924016563,PUMPR / SOL
2023-12-14 18:00:00,0.0292469466205631,0.0291544801134586,0.0266173076354788,0.0268442700558724,14708.7335816829,PUMPR / SOL
2023-12-14 19:00:00,0.0268442700558724,0.0273366605284087,0.0241569147283229,0.0260863119653615,30530.3998915724,PUMPR / SOL
2023-12-14 20:00:00,0.0260863119653615,0.0260260144762928,0.022000538787562,0.0234910849900395,28482.5859848172,PUMPR / SOL
2023-12-14 21:00:00,0.0234910849900395,0.0245239819194792,0.0212678825026429,0.0241687223678502,31271.5634526231,PUMPR / SOL
2023-12-14 22:00:00,0.0241687223678502,0.0253487401259299,0.0231037707566403,0.0232020538790116,15582.5064792135,PUMPR / SOL
2023-12-14 23:00:00,0.0232020538790116,0.0231038437666408,0.0202014472402822,0.0211829179313147,28760.8045987702,PUMPR / SOL
2023-12-15 00:00:00,0.0211829179313147,0.0235521642224267,0.0187698046847491,0.020153144905265,34418.9670626299,PUMPR / SOL
2023-12-15 01:00:00,0.020153144905265,0.0205887588709454,0.0178049173747157,0.0194340035750522,39751.5633136117,PUMPR / SOL
2023-12-15 02:00:00,0.0194340035750522,0.0202842430755001,0.0195656103559472,0.019834378026239,5484.55162600992,PUMPR / SOL
2023-12-15 03:00:00,0.019834378026239,0.0211724724875931,0.0188933315587153,0.0194802408841793,21130.7293629436,PUMPR / SOL
2023-12-15 04:00:00,0.0194802408841793,0.0200421420890196,0.0172771036540264,0.0198319861712905,17765.9414588464,PUMPR / SOL
2023-12-15 05:00:00,0.0198319861712905,0.0197323758343397,0.0173303373327769,0.0182449220538028,18692.787859001,PUMPR / SOL
2023-12-15 06:00:00,0.0182449220538028,0.0210713846481172,0.0180731412408071,0.0210362507517451,13639.7560354405,PUMPR / SOL
2023-12-15 07:00:00,0.0210362507517451,0.0217258511014947,0.0204513138526614,0.0214866134312128,9123.49693495337,PUMPR / SOL
2023-12-15 08:00:00,0.0214866134312128,0.0216612367508393,0.0206375759083499,0.0210298915154242,3995.15583141598,PUMPR / SOL
2023-12-15 09:00:00,0.0210298915154242,0.0227062376666329,0.0190793048400974,0.019509440712587,20800.261359425,PUMPR / SOL
2023-12-15 10:00:00,0.019509440712587,0.020879123841773,0.0187641145845387,0.0207715585246485,16169.1549000103,PUMPR / SOL
2023-12-15 11:00:00,0.0207715585246485,0.0215678534886907,0.0195076032303172,0.0204203199624728,16524.1879513584,PUMPR / SOL
2023-12-15 12:00:00,0.0204203199624728,0.021418928656336,0.0194576918867128,0.0206300743249893,22176.8142661723,PUMPR / SOL
2023-12-15 13:00:00,0.0206300743249893,0.0206646774356401,0.0197358936501583,0.0204279386121185,12883.1442905023,PUMPR / SOL
2023-12-15 14:00:00,0.0204279386121185,0.0210416251290176,0.0198294164132438,0.020883764614575,11359.4869971998,PUMPR / SOL
2023-12-15 15:00:00,0.020883764614575,0.0211595152294149,0.0178876591262064,0.0185469240532059,19915.5793613256,PUMPR / SOL
2023-12-15 16:00:00,0.0185469240532059,0.0199030468590859,0.0174765471709303,0.0193046270830931,25936.5736311315,PUMPR / SOL
2023-12-15 17:00:00,0.0193046270830931,0.0193789551459393,0.0178017881947592,0.0186784714906507,19434.7119007675,PUMPR / SOL
2023-12-15 18:00:00,0.0186784714906507,0.0192359700087902,0.018004220793016,0.0180488190601187,11062.14809535,PUMPR / SOL
2023-12-15 19:00:00,0.0180488190601187,0.0181941120673574,0.0166669644828799,0.0172143979002177,15742.6307137579,PUMPR / SOL
2023-12-15 20:00:00,0.0172143979002177,0.0189748789476833,0.0171572511432756,0.0182562959655759,15977.5137852701,PUMPR / SOL
2023-12-15 21:00:00,0.0182562959655759,0.0191044889468164,0.017940553171083,0.0191044889468164,6954.33795017975,PUMPR / SOL
2023-12-15 22:00:00,0.0191044889468164,0.0225657645861694,0.0183864692812213,0.0205874164190004,24816.3238414397,PUMPR / SOL
2023-12-15 23:00:00,0.0205874164190004,0.0211317527877347,0.0186646354868568,0.0190619845066276,13702.2533562219,PUMPR / SOL
2023-12-16 00:00:00,0.0190619845066276,0.0194241295326748,0.0175688918681477,0.0179606537332969,13135.9321997,PUMPR / SOL
2023-12-16 01:00:00,0.0179606537332969,0.0197491667394282,0.0175891302319399,0.0197300989492037,9064.39865746096,PUMPR / SOL
2023-12-16 02:00:00,0.0197300989492037,0.0227695759374189,0.0193854317347978,0.020016694925263,18347.2357546914,PUMPR / SOL
2023-12-16 03:00:00,0.020016694925263,0.0210902275046452,0.01942351043946,0.0204196166912787,12231.5202874887,PUMPR / SOL
2023-12-16 04:00:00,0.0204196166912787,0.0232511749269244,0.0187039110262965,0.0214886829581655,37405.449130962,PUMPR / SOL
2023-12-16 05:00:00,0.0214886829581655,0.0252596558818717,0.0214216962740845,0.0220561539064223,19481.1630001284,PUMPR / SOL
2023-12-16 06:00:00,0.0220561539064223,0.0222863965201531,0.0215824109684724,0.0222195116416054,6050.77463146625,PUMPR / SOL
2023-12-16 07:00:00,0.0222195116416054,0.0231492424545006,0.0181854033619796,0.0207225191709525,26412.6819760251,PUMPR / SOL
2023-12-16 08:00:00,0.0207225191709525,0.0249331941865352,0.0191789594006347,0.0228384483784972,32924.8660248608,PUMPR / SOL
2023-12-16 09:00:00,0.0228384483784972,0.0247176046851086,0.0218282214596591,0.0240499077829755,18562.735784148,PUMPR / SOL
2023-12-16 10:00:00,0.0240499077829755,0.0239764201580146,0.0191300681215304,0.0223786837132,27980.9632738731,PUMPR / SOL
2023-12-16 11:00:00,0.0223786837132,0.0225612992297464,0.0212279429150924,0.0216218826171495,6398.65772279507,PUMPR / SOL
2023-12-16 12:00:00,0.0216218826171495,0.0218610983959234,0.0200885106792321,0.0212405302325942,11692.6952188366,PUMPR / SOL
2023-12-16 13:00:00,0.0212405302325942,0.0217138342915121,0.0199695677905442,0.0203498725169638,6814.88091350081,PUMPR / SOL
2023-12-16 14:00:00,0.0203498725169638,0.0205846386427414,0.0196229969080337,0.0201654953999929,4835.51955292487,PUMPR / SOL
2023-12-16 15:00:00,0.0201654953999929,0.0215290125007298,0.0199449709721823,0.0203227833188253,14519.8868323727,PUMPR / SOL
2023-12-16 16:00:00,0.0203227833188253,0.0203876315506522,0.0163517976943433,0.0183413653165208,26399.5829440324,PUMPR / SOL
2023-12-16 17:00:00,0.0183413653165208,0.0194175811934156,0.0177834046650077,0.0190004488937728,9673.53365658667,PUMPR / SOL
2023-12-16 18:00:00,0.0190004488937728,0.0198683959908732,0.018514670529038,0.0195356706872425,11399.3530218516,PUMPR / SOL
2023-12-16 19:00:00,0.0195356706872425,0.019468389859676,0.0167679321503299,0.0170122552827502,15728.2105846828,PUMPR / SOL
2023-12-16 20:00:00,0.0170122552827502,0.0199860307863259,0.0166597559691876,0.0199860307863259,22172.6204489512,PUMPR / SOL
2023-12-16 21:00:00,0.0199860307863259,0.021320974792093,0.0194787386090295,0.0197201800143509,15258.5297129157,PUMPR / SOL
2023-12-16 22:00:00,0.0197201800143509,0.0207100129799463,0.0188265479392187,0.0206695771954592,11523.8927960794,PUMPR / SOL
2023-12-16 23:00:00,0.0206695771954592,0.0207433369958696,0.0195170561561079,0.0204451908428247,10481.6455416901,PUMPR / SOL
2023-12-17 00:00:00,0.0204451908428247,0.0205039915189649,0.0190078749696038,0.0190078749696038,5869.24308725561,PUMPR / SOL
2023-12-17 01:00:00,0.0190078749696038,0.019251249464783,0.0176872693545723,0.0177559725179253,5675.81773284053,PUMPR / SOL
2023-12-17 02:00:00,0.0177559725179253,0.0187968212879994,0.0173819401152754,0.0185610008427753,11365.1929658863,PUMPR / SOL
2023-12-17 03:00:00,0.0185610008427753,0.0190957371085522,0.0180529915580574,0.0182490643544854,6537.75451002279,PUMPR / SOL
2023-12-17 04:00:00,0.0182490643544854,0.0189184871300529,0.0182334357622444,0.0187968299993237,2986.9205239315,PUMPR / SOL
2023-12-17 05:00:00,0.0187968299993237,0.0190151495459368,0.0174765574616484,0.0178377882922727,9514.21076273511,PUMPR / SOL
2023-12-17 06:00:00,0.0178377882922727,0.0194617628694637,0.0176145969692566,0.0192815766812566,11635.3055660549,PUMPR / SOL
2023-12-17 07:00:00,0.0192815766812566,0.0204152199073595,0.019354947756373,0.0196866641705862,5843.5788208247,PUMPR / SOL
2023-12-17 08:00:00,0.0196866641705862,0.0199402190677882,0.018802632717485,0.018878076915959,4976.78834288267,PUMPR / SOL
2023-12-17 09:00:00,0.018878076915959,0.0188954485552823,0.0179598221528722,0.0183264210081532,4399.44186279528,PUMPR / SOL
2023-12-17 10:00:00,0.0183264210081532,0.0192049794003694,0.0184318487152638,0.0188718116482169,5106.90479508222,PUMPR / SOL
2023-12-17 11:00:00,0.0188718116482169,0.0194802955423959,0.018658518140651,0.0194802955423959,4176.95693895991,PUMPR / SOL
2023-12-17 12:00:00,0.0194802955423959,0.0195130517866859,0.0183424021212716,0.0190861791957974,6905.47269250152,PUMPR / SOL
2023-12-17 13:00:00,0.0190861791957974,0.0204210134033519,0.0181627133428897,0.0181627133428897,12414.8293129685,PUMPR / SOL
2023-12-17 14:00:00,0.0181627133428897,0.0186371259808604,0.0181397564473478,0.0185381744319838,3590.11021905294,PUMPR / SOL
2023-12-17 15:00:00,0.0185381744319838,0.0186308484690787,0.0147785093644187,0.018234890580429,17616.3345022837,PUMPR / SOL
2023-12-17 16:00:00,0.018234890580429,0.0184175128340294,0.0167150410796797,0.0175286854924516,10815.1660398146,PUMPR / SOL
2023-12-17 17:00:00,0.0175286854924516,0.0187026299549205,0.0175675950000819,0.0180480049224534,9736.48969552204,PUMPR / SOL
2023-12-17 18:00:00,0.0180480049224534,0.0181249812652379,0.0171379716111533,0.0175856180364825,7559.32151953541,PUMPR / SOL
2023-12-17 19:00:00,0.0175856180364825,0.0188331236119863,0.0173128998149375,0.0182696283052312,6872.86039106047,PUMPR / SOL
2023-12-17 20:00:00,0.0182696283052312,0.0194758775280938,0.0183746261289586,0.0186913489128548,6140.20015006515,PUMPR / SOL
2023-12-17 21:00:00,0.0186913489128548,0.0202066349996957,0.0185748954386575,0.0197381590099298,8643.1732567734,PUMPR / SOL
2023-12-17 22:00:00,0.0197381590099298,0.019927311228287,0.018881406072989,0.0193067326287107,12809.3757600479,PUMPR / SOL
2023-12-17 23:00:00,0.0193067326287107,0.0193017298751866,0.0171244413897912,0.0177979805088813,12997.1566417501,PUMPR / SOL
2023-12-18 00:00:00,0.0177979805088813,0.0177936879021741,0.0170552283895183,0.0171635431858576,6769.14946138379,PUMPR / SOL
2023-12-18 01:00:00,0.0171635431858576,0.0208971500345793,0.0180118713179826,0.0180448204026907,19653.974134019,PUMPR / SOL
2023-12-18 02:00:00,0.0180448204026907,0.0195646213999842,0.0177054110430168,0.0188174429602995,9041.43361457282,PUMPR / SOL
2023-12-18 03:00:00,0.0188174429602995,0.0201489946784509,0.0184977995414786,0.020050228082633,6476.57407268838,PUMPR / SOL
2023-12-18 04:00:00,0.020050228082633,0.0226424878806382,0.0195969595948245,0.0225261197505325,13042.6403021632,PUMPR / SOL
2023-12-18 05:00:00,0.0225261197505325,0.0229359375493052,0.0206649278310197,0.0219273869550129,20045.5121770795,PUMPR / SOL
2023-12-18 06:00:00,0.0219273869550129,0.0235914337917201,0.0220714519810038,0.0230298007798123,13797.1921779063,PUMPR / SOL
2023-12-18 07:00:00,0.0230298007798123,0.0275074003013199,0.0239258853711675,0.0242486643023456,28937.0082988123,PUMPR / SOL
2023-12-18 08:00:00,0.0242486643023456,0.0254706306318178,0.0231871184606264,0.0249210717772857,15273.8404801703,PUMPR / SOL
2023-12-18 09:00:00,0.0249210717772857,0.0252277618132087,0.0218989884028745,0.0239098785324134,11909.7403159706,PUMPR / SOL
2023-12-18 10:00:00,0.0239098785324134,0.0257420476569724,0.022925547054946,0.0246297069877147,16993.1843830111,PUMPR / SOL
2023-12-18 11:00:00,0.0246297069877147,0.0265004169742528,0.0241328808826772,0.0249237661113449,11768.151366182,PUMPR / SOL
2023-12-18 12:00:00,0.0249237661113449,0.0253091862045226,0.0236709730001604,0.0237855760885212,8768.6172203418,PUMPR / SOL
2023-12-18 13:00:00,0.0237855760885212,0.0248163119790552,0.0224173286139809,0.024804626781558,13045.3974273407,PUMPR / SOL
2023-12-18 14:00:00,0.024804626781558,0.02519897864948,0.0233338142683549,0.0242830920065389,9363.01367212967,PUMPR / SOL
2023-12-18 15:00:00,0.0242830920065389,0.0265134453788966,0.0241414180416018,0.0256919313154168,20183.6409080813,PUMPR / SOL
2023-12-18 16:00:00,0.0256919313154168,0.0288637857191955,0.0254834315127115,0.0275287764234107,23244.2919362989,PUMPR / SOL
2023-12-18 17:00:00,0.0275287764234107,0.0293755958656724,0.0263876960717468,0.0287864551655696,21332.8386290118,PUMPR / SOL
2023-12-18 18:00:00,0.0287864551655696,0.0290522622486014,0.027294222128102,0.0279070950661285,14432.4051965682,PUMPR / SOL
2023-12-18 19:00:00,0.0279070950661285,0.0298996264926287,0.0237322877134862,0.0271871328849807,80790.4284253785,PUMPR / SOL
2023-12-18 20:00:00,0.0271871328849807,0.0278593986251091,0.0250112363303947,0.0277099256737062,18150.4240862222,PUMPR / SOL
2023-12-18 21:00:00,0.0277099256737062,0.035217508662279,0.0272312259648355,0.0301757195613811,82477.9509813668,PUMPR / SOL
2023-12-18 22:00:00,0.0301757195613811,0.0368209592892867,0.0297827177741335,0.0341450073061787,94135.7687593219,PUMPR / SOL
2023-12-18 23:00:00,0.0341450073061787,0.0358176135436344,0.0287322713084862,0.0301631358533696,54299.3213747716,PUMPR / SOL
2023-12-19 00:00:00,0.0301631358533696,0.030257251058603,0.0221233212866444,0.024822271478996,131329.735480506,PUMPR / SOL
2023-12-19 01:00:00,0.024822271478996,0.0252971258686167,0.0180712666210267,0.0191270434498543,81414.3426155533,PUMPR / SOL
2023-12-19 02:00:00,0.0191270434498543,0.0220355560434932,0.0178213528933763,0.0201902986696937,41294.5358583299,PUMPR / SOL
2023-12-19 03:00:00,0.0201902986696937,0.0210573229080046,0.0188186290482611,0.0196694522541984,30290.0946283947,PUMPR / SOL
2023-12-19 04:00:00,0.0196694522541984,0.0213502514883114,0.0157512926598043,0.0178076620405165,72424.7730549339,PUMPR / SOL
2023-12-19 05:00:00,0.0178076620405165,0.0189172441836862,0.0161728462098109,0.0176374178324617,34822.8816567633,PUMPR / SOL
2023-12-19 06:00:00,0.0176374178324617,0.0182356311694332,0.0151693605994886,0.0175415504968276,34286.0161853797,PUMPR / SOL
2023-12-19 07:00:00,0.0175415504968276,0.0226649364424556,0.0174395820041772,0.0219071782870525,42703.0449024202,PUMPR / SOL
2023-12-19 08:00:00,0.0219071782870525,0.0219251642322436,0.0187837871355444,0.0216101824385997,47413.9938817589,PUMPR / SOL
2023-12-19 09:00:00,0.0216101824385997,0.0241912942779798,0.0215116609513652,0.0225149222815887,23410.9658055036,PUMPR / SOL
2023-12-19 10:00:00,0.0225149222815887,0.0244729186776052,0.0220608828579479,0.0221683625342794,14265.5592010399,PUMPR / SOL
2023-12-19 11:00:00,0.0221683625342794,0.0221774024795564,0.0197356331622068,0.0212266252607965,19954.3127606908,PUMPR / SOL
2023-12-19 12:00:00,0.0212266252607965,0.0226247434455302,0.0206491982963565,0.0213576868344251,22767.5635450764,PUMPR / SOL
2023-12-19 13:00:00,0.0213576868344251,0.0218273482867517,0.0193043331916922,0.020330639989299,20618.6594229932,PUMPR / SOL
2023-12-19 14:00:00,0.020330639989299,0.020430230107843,0.0185479963723413,0.019022732589126,10569.6160147216,PUMPR / SOL
2023-12-19 15:00:00,0.019022732589126,0.0206523281722583,0.0187949082086197,0.0196636321149442,15525.669612005,PUMPR / SOL
2023-12-19 16:00:00,0.0196636321149442,0.0201078507309621,0.0184257144064403,0.0186667959481483,16637.8690917711,PUMPR / SOL
2023-12-19 17:00:00,0.0186667959481483,0.0205837402158783,0.0185579024230483,0.0203032721548226,10333.9368490481,PUMPR / SOL
2023-12-19 18:00:00,0.0203032721548226,0.020065108803813,0.0189005793237049,0.0196146941403157,9690.43447660794,PUMPR / SOL
2023-12-19 19:00:00,0.0196146941403157,0.0221650204608712,0.0195570101287592,0.0215394514972046,51162.1043141415,PUMPR / SOL
2023-12-19 20:00:00,0.0215394514972046,0.0217982580245663,0.0193664519326185,0.0196782969582202,14699.1947683484,PUMPR / SOL
2023-12-19 21:00:00,0.0196782969582202,0.0207670129584029,0.0191480566161075,0.0202026621028136,15003.058886097,PUMPR / SOL
2023-12-19 22:00:00,0.0202026621028136,0.0202216487995051,0.0186719642839293,0.0189151056228135,14141.0807361355,PUMPR / SOL
2023-12-19 23:00:00,0.0189151056228135,0.0192926435542096,0.0182579204258083,0.018334400312251,6107.90759274024,PUMPR / SOL
2023-12-20 00:00:00,0.018334400312251,0.0198267675099492,0.0179441799439807,0.018342615912742,22189.4508653609,PUMPR / SOL
2023-12-20 01:00:00,0.018342615912742,0.0192247603567211,0.0182936493795594,0.0187754035000373,11097.9804521167,PUMPR / SOL
2023-12-20 02:00:00,0.0187754035000373,0.0187453619481397,0.0176434462608201,0.018049346511434,11314.639786501,PUMPR / SOL
2023-12-20 03:00:00,0.018049346511434,0.0185076179701546,0.0177386445847432,0.0182612107132158,3024.92470756974,PUMPR / SOL
2023-12-20 04:00:00,0.0182612107132158,0.0180371645064308,0.0164071093216779,0.0170120266257392,11857.6790686167,PUMPR / SOL
2023-12-20 05:00:00,0.0170120266257392,0.0171178816212459,0.0163147509340499,0.0169913309718494,7705.76918354697,PUMPR / SOL
2023-12-20 06:00:00,0.0169913309718494,0.0179896965347177,0.0166317033310359,0.0177034657546756,9635.34632207406,PUMPR / SOL
2023-12-20 07:00:00,0.0177034657546756,0.017938414082514,0.0171851088965139,0.0178553170940932,5508.85027002732,PUMPR / SOL
2023-12-20 08:00:00,0.0178553170940932,0.0179620735417388,0.0172631632054491,0.0172631632054491,5446.94593545378,PUMPR / SOL
2023-12-20 09:00:00,0.0172631632054491,0.0181728658748267,0.0173504660398411,0.0181728658748267,3857.75966086497,PUMPR / SOL
2023-12-20 10:00:00,0.0181728658748267,0.0183524389646746,0.016529302685521,0.0172372973821751,11298.7760881729,PUMPR / SOL
2023-12-20 11:00:00,0.0172372973821751,0.0173045155095258,0.0158929656676179,0.0160479194285698,10180.3988122106,PUMPR / SOL
2023-12-20 12:00:00,0.0160479194285698,0.0164211385406059,0.015331527128525,0.0163338098238241,14944.0005144982,PUMPR / SOL
2023-12-20 13:00:00,0.0163338098238241,0.0166322409592417,0.0160244684166784,0.0164546808397326,5897.41399369562,PUMPR / SOL
2023-12-20 14:00:00,0.0164546808397326,0.0164721812237296,0.0155054628999905,0.0155054628999905,9759.7493743169,PUMPR / SOL
2023-12-20 15:00:00,0.0155054628999905,0.0154490860883576,0.0135613797642557,0.0137628361870383,36168.382137751,PUMPR / SOL
2023-12-20 16:00:00,0.0137628361870383,0.0150999877847638,0.0129669189892432,0.013852836738109,19133.7354723838,PUMPR / SOL
2023-12-20 17:00:00,0.013852836738109,0.0146781134533829,0.0128533523461936,0.0134372215093929,14381.0256404149,PUMPR / SOL
2023-12-20 18:00:00,0.0134372215093929,0.0156195394586829,0.0134850323067017,0.0137180689377359,17185.3543617107,PUMPR / SOL
2023-12-20 19:00:00,0.0137180689377359,0.0147285526844783,0.0124848273177359,0.0146617801498247,21417.3109586067,PUMPR / SOL
2023-12-20 20:00:00,0.0146617801498247,0.0148584472644673,0.010117502876754,0.0120261813378103,46906.1975780828,PUMPR / SOL
2023-12-20 21:00:00,0.0120261813378103,0.014933438235049,0.0110426398867168,0.0136630145114306,43876.7354443874,PUMPR / SOL
2023-12-20 22:00:00,0.0136630145114306,0.014150868509593,0.0124952888612859,0.0132188199507951,19657.3712735456,PUMPR / SOL
2023-12-20 23:00:00,0.0132188199507951,0.0131314860167853,0.0122651363604951,0.012570815629798,9609.8019079493,PUMPR / SOL
2023-12-21 00:00:00,0.012570815629798,0.0125304533446812,0.0118653410105305,0.0124218487685738,8159.94142089812,PUMPR / SOL
2023-12-21 01:00:00,0.0124218487685738,0.0152925480250231,0.0123306235139268,0.014166592083532,14816.5576923645,PUMPR / SOL
2023-12-21 02:00:00,0.014166592083532,0.015543561552528,0.014081392037393,0.0151507338125993,12898.2645750146,PUMPR / SOL
2023-12-21 03:00:00,0.0151507338125993,0.0154450914830878,0.0143286955834892,0.0145822057159121,7291.61819858998,PUMPR / SOL
2023-12-21 04:00:00,0.0145822057159121,0.0152247118132864,0.0139008420612369,0.0151585170914248,9829.54710129503,PUMPR / SOL
2023-12-21 05:00:00,0.0151585170914248,0.0160177482724286,0.0145419186248998,0.0148242316025158,6381.41415429106,PUMPR / SOL
2023-12-21 06:00:00,0.0148242316025158,0.0160259851986722,0.0147379913627499,0.0154577060126053,5174.90671276617,PUMPR / SOL
2023-12-21 07:00:00,0.0154577060126053,0.01574535267021,0.0145318710511657,0.0145426765750129,6737.18475018164,PUMPR / SOL
2023-12-21 08:00:00,0.0145426765750129,0.0150710509523509,0.0138236905936396,0.0138555713551445,9134.56849419519,PUMPR / SOL
2023-12-21 09:00:00,0.0138555713551445,0.0139441125158118,0.013089313662491,0.0137470327693711,5668.66815646889,PUMPR / SOL
2023-12-21 10:00:00,0.0137470327693711,0.0143012494327966,0.0138421844881131,0.0138605318448097,2682.63904138071,PUMPR / SOL
2023-12-21 11:00:00,0.0138605318448097,0.0138019277497408,0.0125678940203811,0.0125678940203811,7038.43678035295,PUMPR / SOL
2023-12-21 12:00:00,0.0125678940203811,0.0133467160730015,0.012000771605569,0.0123708615715042,21586.486151812,PUMPR / SOL
2023-12-21 13:00:00,0.0123708615715042,0.0129415679611953,0.0121397911362332,0.012302075836804,7454.03691725447,PUMPR / SOL
2023-12-21 14:00:00,0.012302075836804,0.013132295495401,0.0121028645912639,0.012125492792512,10710.7554075471,PUMPR / SOL
2023-12-21 15:00:00,0.012125492792512,0.012281940048176,0.0106941651363306,0.0112842876136327,18632.139397957,PUMPR / SOL
2023-12-21 16:00:00,0.0112842876136327,0.0127352048831693,0.0111748996784668,0.0116895950494313,10282.5403310178,PUMPR / SOL
2023-12-21 17:00:00,0.0116895950494313,0.0124048979251035,0.010216735187,0.0108982027589388,19863.9483378275,PUMPR / SOL
2023-12-21 18:00:00,0.0108982027589388,0.0152570921610866,0.0109174072331161,0.0128308210333017,54926.5484616465,PUMPR / SOL
2023-12-21 19:00:00,0.0128308210333017,0.016374888189168,0.0123320235000207,0.015597746963764,22312.7721735742,PUMPR / SOL
2023-12-21 20:00:00,0.015597746963764,0.0152870884942901,0.0122017929899039,0.0129447180862315,16513.9430474064,PUMPR / SOL
2023-12-21 21:00:00,0.0129447180862315,0.0130482227205008,0.0117501378721111,0.01182807082011,7820.03584404764,PUMPR / SOL
2023-12-21 22:00:00,0.01182807082011,0.0120276695849643,0.0103058544259526,0.0118388406346676,16579.8644738044,PUMPR / SOL
2023-12-21 23:00:00,0.0118388406346676,0.0121728459245028,0.0114883262274899,0.0117271873571591,6437.92626644693,PUMPR / SOL
2023-12-22 00:00:00,0.0117271873571591,0.0119986163197712,0.0115875373570675,0.0119986163197712,4027.24309228269,PUMPR / SOL
2023-12-22 01:00:00,0.0119986163197712,0.0139395865353405,0.0121210124782634,0.0130666927483695,16619.7580731056,PUMPR / SOL
2023-12-22 02:00:00,0.0130666927483695,0.0148296415300958,0.0130283736264537,0.0138852105388781,14832.3400524125,PUMPR / SOL
2023-12-22 03:00:00,0.0138852105388781,0.0139022340728083,0.0131973801263043,0.013251179988867,3017.01456124829,PUMPR / SOL
2023-12-22 04:00:00,0.013251179988867,0.0131384217809109,0.0122735667759308,0.0126753457945231,6570.74296493562,PUMPR / SOL
2023-12-22 05:00:00,0.0126753457945231,0.0134452738284995,0.012507999189888,0.0126666890917247,9086.56975245262,PUMPR / SOL
2023-12-22 06:00:00,0.0126666890917247,0.0125861792061285,0.00976528359440567,0.00984852353740248,24691.9278503926,PUMPR / SOL
2023-12-22 07:00:00,0.00984852353740248,0.0112185958983428,0.00913415744571035,0.0111749760639605,27722.2032914331,PUMPR / SOL
2023-12-22 08:00:00,0.0111749760639605,0.0111723442905977,0.0101649191071497,0.0103708263870999,12209.5825768829,PUMPR / SOL
2023-12-22 09:00:00,0.0103708263870999,0.0107696739640446,0.00953440817941572,0.0102310630216924,12834.2263382755,PUMPR / SOL
2023-12-22 10:00:00,0.0102310630216924,0.0106879887076728,0.0101402842629843,0.0105050675895379,6641.46360445083,PUMPR / SOL
2023-12-22 11:00:00,0.0105050675895379,0.0104787226302326,0.00945203323834958,0.00990753385981681,7837.08301404921,PUMPR / SOL
2023-12-22 12:00:00,0.00990753385981681,0.0104848949748508,0.00990660007132535,0.0104087230107791,3885.16567427065,PUMPR / SOL
2023-12-22 13:00:00,0.0104087230107791,0.010947083987011,0.0103699491868754,0.0103699491868754,5262.89653964374,PUMPR / SOL
2023-12-22 14:00:00,0.0103699491868754,0.01100658646011,0.0102426086984295,0.0105973196977677,4986.9672410256,PUMPR / SOL
2023-12-22 15:00:00,0.0105973196977677,0.0105907380403935,0.00741954893770908,0.00925433311446985,86968.2536445091,PUMPR / SOL
2023-12-22 16:00:00,0.00925433311446985,0.00937231744923201,0.00850543073411924,0.00878426023757687,11904.5254110235,PUMPR / SOL
2023-12-22 17:00:00,0.00878426023757687,0.00891863471198407,0.00777354234511915,0.00845730053744062,17459.3430141812,PUMPR / SOL
2023-12-22 18:00:00,0.00845730053744062,0.00840229096011872,0.00805407593144551,0.00817292888848445,6210.64152455952,PUMPR / SOL
2023-12-22 19:00:00,0.00817292888848445,0.00843659097358657,0.00765557103974953,0.0083712788532669,11139.5323356819,PUMPR / SOL
2023-12-22 20:00:00,0.0083712788532669,0.00845500661487958,0.00780437819697332,0.00786203443889544,4884.47607880407,PUMPR / SOL
2023-12-22 21:00:00,0.00786203443889544,0.00802094186763713,0.00714292096319256,0.00745185771836352,9770.51977078631,PUMPR / SOL
2023-12-22 22:00:00,0.00745185771836352,0.0075479393506305,0.00683459433927639,0.00752553723494991,7486.43788376437,PUMPR / SOL
2023-12-22 23:00:00,0.00752553723494991,0.00746911611228879,0.00605745485779232,0.00621412372223175,13281.5704049107,PUMPR / SOL
2023-12-23 00:00:00,0.00621412372223175,0.00716921506002031,0.00593111994873741,0.00700638291360414,20035.1259921404,PUMPR / SOL
2023-12-23 01:00:00,0.00700638291360414,0.00799536652607249,0.00681095602530153,0.00718307217343133,8676.67151634211,PUMPR / SOL
2023-12-23 02:00:00,0.00718307217343133,0.00721776891170139,0.00684917759664263,0.00690595427892646,2564.65814267528,PUMPR / SOL
2023-12-23 03:00:00,0.00690595427892646,0.00708119664531696,0.0059676216319564,0.00612524677473593,6300.01479240933,PUMPR / SOL
2023-12-23 04:00:00,0.00612524677473593,0.00643270462919119,0.00528425987638987,0.00636530940838178,16744.6378189128,PUMPR / SOL
2023-12-23 05:00:00,0.00636530940838178,0.00687949370855223,0.00631923817299984,0.00662713153113279,8102.06652747643,PUMPR / SOL
2023-12-23 06:00:00,0.00662713153113279,0.0069807304794933,0.00658994589265903,0.00690508936144217,3507.78545710545,PUMPR / SOL
2023-12-23 07:00:00,0.00690508936144217,0.00762791088513468,0.00691857625498721,0.00736068833433452,6295.38865745497,PUMPR / SOL
2023-12-23 08:00:00,0.00736068833433452,0.0076032542419105014,0.007211316098592715,0.0076032542419105014,2617.798637462727,PUMPR / SOL
